time_s,T_ring_bulk_C,T_steel_bulk_C,T_surface_peak_C,mu_effective,Q_fric_W,wear_rate_m_per_s,wear_depth_m,tau_fric_Nm,phi_rel_dot_rad_per_s
0.0,108.94533383612874,105.15028410077883,326.7069946317897,0.41008,75.7792726658763,2.651764868317898e-11,1.325882434158949e-11,77.50511999999999,0.9777324732337207
0.5,108.24127756173573,105.2818587519103,242.771231724096,0.2229301005806994,149.55677518401018,4.972991383122413e-11,3.8123781257201554e-11,42.133789009752185,3.5495686169927447
1.0,107.60643207098684,105.38106767156489,278.7919494341533,0.2836721742852352,98.78134763764295,3.3992497039155025e-11,5.5120029776779066e-11,53.61404093990945,1.8424529452715002
1.5,106.96430148041473,105.4440988210831,145.62773402912956,0.2566067536527512,13.454557549765692,2.693545210970434e-12,5.646680238226428e-11,45.1013805147884,0.29831808685665495
2.0,106.61160999215738,105.50494483507579,329.09010793040807,0.3686699681957803,102.70437937134861,4.0777766624953593e-11,7.685568569474108e-11,69.67862398900247,1.4739725541589148
2.5,106.40608279449293,105.5617404402911,240.74527252781806,0.22261398411714442,140.48758783459937,4.607610772649735e-11,9.989373955798975e-11,42.07404299814029,3.33905605032559
3.0,106.16985842597006,105.60199101261269,279.621328198898,0.28742709267322164,90.98267246173921,3.11003627423055e-11,1.1544392092914249e-10,54.32372051523889,1.674824028965703
3.5,105.85627639764627,105.6197729217847,141.36895381797612,0.2583533357665818,12.358120596149067,2.264343122154313e-12,1.1657609249021964e-10,48.828780459883966,0.25309091236268066
4.0,105.73272347064209,105.64192994252282,332.9980552720141,0.3766022488630349,82.69641247163896,3.321075016354779e-11,1.3318146757199353e-10,71.17782503511359,1.1618283142375172
4.5,105.72068251312426,105.66864843462486,240.02094684387714,0.2225494806839528,127.4924258907943,4.160017793553295e-11,1.5398155653976e-10,42.06185184926708,3.0310702046043136
5.0,105.64888496589884,105.68611084096037,281.47860090666535,0.291368093476374,84.36892494963952,2.8865344591383115e-11,1.6841422883545157e-10,55.06856966703468,1.53207038896717
5.5,105.45904469048286,105.68542435629068,110.37017813071174,0.25881075889710625,1.7090341739027697,2.946947863095731e-13,1.6856157622860634e-10,48.65534135810067,0.035125314635537565
6.0,105.47462146063943,105.69752304177139,351.59908753802813,0.4078537922623831,95.9444702139525,4.1690455866542614e-11,1.8940680416187765e-10,77.0843667375904,1.244668332563014
6.5,105.54429700254092,105.71492555733944,232.2490508949843,0.20996293134245425,123.33059343373357,4.025537778345207e-11,2.0953449305360368e-10,39.68299402372385,3.107895370999535
7.0,105.54551387295412,105.72644348300057,283.8814804159474,0.2955212109163795,84.92688844681462,2.919218600756883e-11,2.241305860573881e-10,55.85350886319572,1.5205291516210648
7.5,105.4291127186738,105.72364295325787,137.3962514972341,0.2553963207711105,11.124302216456531,2.0444801072237903e-12,2.25152826111e-10,48.26990462573989,0.23046041426244096
8.0,105.47483469099984,105.73248643486312,334.46922648739934,0.37946748078109793,88.56719395104518,3.5739006330551854e-11,2.4302232927627594e-10,71.7193538676275,1.2349134393278802
8.5,105.61190909614446,105.75239400818096,238.63960101035218,0.22044069607473307,141.46434885141576,4.6122213115919304e-11,2.660834358342356e-10,41.66329155812455,3.3954194102513133
9.0,105.64812115589224,105.76600849659194,280.887504455166,0.2903898510026923,91.64258365149728,3.13144653162047e-11,2.8174066849233795e-10,54.88368183950885,1.6697601286932424
9.5,105.53616217462397,105.76357965385091,117.23837867870148,0.25819727648977986,4.0722754042996225,8.5303897265192e-13,2.8216718797866393e-10,40.6117996606706,0.10027320725319414
10.0,105.58042637805895,105.77241896699891,332.4758386455079,0.4009799732472397,78.95774329616991,2.9651322079479536e-11,2.969928490184037e-10,75.7852149437283,1.0418621013979739
10.5,105.71840972708134,105.79259983315764,240.3708453234348,0.22313306503251526,133.52120908302157,4.3567245802829544e-11,3.187764719198185e-10,42.17214929114538,3.166099222527797
11.0,105.75815594879406,105.80689860144025,281.4738385152132,0.2911791283364457,85.76925412520632,2.936239240719819e-11,3.334576681234176e-10,55.032855255588245,1.5585099796634116
11.5,105.65492305264,105.80596049548555,111.49264412482304,0.2586923413131688,2.031479073313098,3.5868894718608404e-13,3.3363701259701063e-10,47.62408475376374,0.042656548337184574
12.0,105.71809818886031,105.81786638182291,347.58506882422466,0.406448511139166,84.16772286580566,3.54504987229709e-11,3.513622619584961e-10,76.81876860530238,1.0956661294359256
12.5,105.85635931155159,105.83992428617498,233.93505547540255,0.21223969632512357,130.21415330264256,4.257605355533474e-11,3.7265028873616346e-10,40.113302605448354,3.2461588761070086
13.0,105.89047788139658,105.85548473135476,283.06140779361493,0.2935906242682535,79.45562246276735,2.731493842585317e-11,3.8630775794909e-10,55.48862798669991,1.4319262404868274
13.5,105.80330036402981,105.85799267407641,129.3256698348047,0.2552685737072114,8.185591730704012,1.6067313806919002e-12,3.87111123639436e-10,44.43383332546015,0.1842197964498766
14.0,105.89215859187394,105.875139350103,338.6943911052294,0.3857774681687527,97.95571254643639,4.0292804384730395e-11,4.072575258318012e-10,72.91194148389425,1.3434796900597432
14.5,106.03950633946086,105.90171815924013,236.75125703648195,0.21660294104314126,137.2972763536454,4.491946600878725e-11,4.297172588361948e-10,40.937955857153696,3.353789252026208
15.0,106.07988634355532,105.92184601555672,281.1461647010949,0.290102998142955,86.13099031852055,2.951987130385252e-11,4.4447719448812106e-10,54.82946664901849,1.5708887133605263
15.5,105.98854193017114,105.9279931610523,133.97550103158335,0.2561345789534561,9.739232319801008,1.922491833123338e-12,4.4543844040468275e-10,44.6173308308191,0.21828361621923165
16.0,106.06194503482904,105.94730075629556,336.1738481535769,0.38131931305921296,92.85296226185355,3.782579205145183e-11,4.6435133643040865e-10,72.06935016819125,1.2883835090112332
16.5,106.20301291579757,105.9763528109667,238.20671087492929,0.2187438317829068,136.35304762348454,4.4656065665651e-11,4.866793692632342e-10,41.342584206969384,3.298125897038111
17.0,106.2337056001542,105.99830033350767,281.3974002031407,0.2902644269751499,83.00124638237243,2.848729516700928e-11,5.009230168467388e-10,54.859976698303335,1.5129653962273635
17.5,106.12987582268525,106.00554827139285,118.98684847129839,0.2576549330865601,4.47412107547805,9.447984437708763e-13,5.013954160686242e-10,40.429794105317555,0.1106639589561894
18.0,106.20839700540972,106.02739344577527,347.18934259691895,0.39933044483098395,97.08212371152676,4.1477460240036274e-11,5.221341461886423e-10,75.47345407305596,1.2863082113289035
18.5,106.3320980391075,106.05676500841874,235.37168147074013,0.21383198628453848,128.55284937781775,4.2168054954233883e-11,5.432181736657593e-10,40.41424540777777,3.1808796151140704
19.0,106.36044183540965,106.0799866639534,284.23282314012704,0.2947530020483986,82.74627042668884,2.859548051131055e-11,5.575159139214145e-10,55.70831738714734,1.4853485854121222
19.5,106.25211199245503,106.08824056870037,115.8124863309335,0.2561224620532409,3.326931890289119,6.455162820123068e-13,5.578386720624207e-10,43.71812531789369,0.07609960093433871
20.0,106.3410338328844,106.1126199794112,348.4220227769348,0.40115333086965127,104.75584148627755,4.502744265828772e-11,5.803523933915646e-10,75.81797953436408,1.381675456529378
20.5,106.4728421001558,106.14479859778235,233.91553976998034,0.21118578079288916,136.53704322643378,4.485972952817052e-11,6.027822581556499e-10,39.91411256985605,3.4207711116581185
21.0,106.49378612241891,106.16951891416764,283.2422612946288,0.29289057290595827,83.09487722928499,2.867491811553562e-11,6.171197172134177e-10,55.35631827922611,1.5010911096027224
21.5,106.3897342503802,106.18028767862953,135.9566557406825,0.25456817957081146,10.289046278015986,1.950509743227752e-12,6.180949720850316e-10,46.65390370720187,0.22053987899039812
22.0,106.47114007441067,106.20611577391196,334.975520473248,0.37865548102368796,105.86104780613891,4.299191291155694e-11,6.3959092854081e-10,71.56588591347702,1.4792110298770655
22.5,106.60318281082998,106.24032260329142,238.58144273450688,0.21870167831725051,141.96957438078067,4.663473149872716e-11,6.629082942901737e-10,41.33461720196035,3.43464108273023
23.0,106.63965649626908,106.26883026650081,280.697452653193,0.2884318384386577,98.03168550961449,3.367498003913386e-11,6.797457843097406e-10,54.51361746490631,1.7982971974428843
23.5,106.52222127671779,106.28090990819942,136.7793317666324,0.2564778335983364,10.529226391455184,1.9257111632333664e-12,6.807086398913573e-10,48.4421399992287,0.2173567557424761
24.0,106.5893604205504,106.30740034825152,335.28791657309773,0.3789772504063835,104.79097505695347,4.263322892478972e-11,7.020252543537522e-10,71.62670032680649,1.463015531622014
24.5,106.70390190248209,106.34134579447338,239.3108939683512,0.21974355275012272,138.17604980941124,4.54202092420551e-11,7.247353589747798e-10,41.53153146977319,3.32701552096571
25.0,106.70124086147685,106.36651739865854,281.8610638466227,0.2902580113024472,80.53698942928399,2.774257942014698e-11,7.386066486848533e-10,54.85876413616252,1.468078814706556
25.5,106.56945856488258,106.3764196662707,118.75364762184446,0.25839879741810173,4.239997901313301,7.408655479767868e-13,7.389770814588417e-10,48.83737271202123,0.08681871414982226
26.0,106.61655624865944,106.39965025102305,348.45492440721273,0.4007512830398531,94.54951718202422,4.0692732297319794e-11,7.593234476075016e-10,75.74199249453223,1.248310403094422
26.5,106.72327292265332,106.43100801486874,234.74948761308622,0.21215272907518612,133.86567312639963,4.40539127006465e-11,7.813504039578248e-10,40.09686579521017,3.338557028624186
27.0,106.73150011018625,106.45553509531675,283.5255180867429,0.29296604206089083,87.19023610031562,3.0147289135826475e-11,7.964240485257381e-10,55.37058194950836,1.5746671432823867
27.5,106.61126974116503,106.46554767965112,144.58346506414887,0.2543809169341346,13.214012662230946,2.4760193032049866e-12,7.976620581773406e-10,48.07799330055144,0.27484534513796743
28.0,106.64983931241669,106.48734745258419,329.5916938428485,0.3694377981734447,93.78708320328997,3.73157390167288e-11,8.16319927685705e-10,69.82374385478104,1.343197571851027
28.5,106.76203617039556,106.51861122205545,240.10589792945203,0.22096462233154013,141.14497953004627,4.641474229240024e-11,8.395272988319051e-10,41.76231362066108,3.3797212676506883
29.0,106.78765721129665,106.54475861692669,278.63604501441705,0.2847706194216438,102.68559756014963,3.515696517708874e-11,8.571057814204495e-10,53.82164707069067,1.9078865688610356
29.5,106.66502393994442,106.55509161201836,163.05207688648278,0.2550604420966941,19.62223214338231,3.819077944123206e-12,8.590153203925111e-10,48.20642355627518,0.40704600540373465
30.0,106.70791421390359,106.57795559625491,317.4862740955783,0.3492816247595472,104.49461313984192,3.978421918887719e-11,8.789074299869497e-10,66.01422707955442,1.582910499185492
30.5,106.82356095069716,106.61047406846706,244.26457879680885,0.22775403532338362,152.38873710833582,5.015719235804983e-11,9.039860261659746e-10,43.0455126761195,3.540177073855064
31.0,106.83048951262955,106.63566190334811,276.40167085109624,0.28099705189633556,101.9750630560892,3.4772434460503773e-11,9.213722433962265e-10,53.108442808407425,1.9201290353018194
31.5,106.69642539822156,106.64510988439629,169.4475315107165,0.2571514691650951,21.836870470262504,4.276982683459314e-12,9.235107347379562e-10,48.60162767220298,0.44930327472863213
32.0,106.7211518565118,106.66595524911878,315.11707518601827,0.3453336800545263,102.25627256604669,3.8620746072846865e-11,9.428211077743796e-10,65.26806553030546,1.5667121698063313
32.5,106.81476886109746,106.69536280932049,246.39423400032658,0.23129766449585662,146.71451543279113,4.831705385828401e-11,9.669796347035215e-10,43.715258589716896,3.356139713360924
33.0,106.79012544496182,106.7155782925026,277.2767685478264,0.28251406708069154,89.21767561780347,3.046561464916454e-11,9.822124420281037e-10,53.3951586782507,1.6708944748233185
33.5,106.63418443650951,106.71994108811187,141.9403224216233,0.26001167614831017,12.286246565980912,2.2395562619904637e-12,9.83332220159099e-10,49.14220679203061,0.25001413994239613
34.0,106.63603277449344,106.73486824107736,333.78561970864246,0.3764104476017293,90.72512581898697,3.669556690810233e-11,1.0016800036131501e-09,71.14157459672684,1.2752757629174143
34.5,106.70148860308478,106.75703478804841,240.97378844105407,0.2225031406162129,130.65205644552475,4.294504196130446e-11,1.0231525245938023e-09,42.053093576464235,3.1068357957533594
35.0,106.66456823579433,106.77082837293023,281.63737129099786,0.2899480998626326,80.45001551629841,2.769372959813908e-11,1.0369993893928718e-09,54.80019087403756,1.468060863167775
35.5,106.49782848219796,106.76871308220119,118.1637183822975,0.25764855595061986,4.059634043934289,8.524223855618605e-13,1.0374256005856526e-09,40.591499279338294,0.10001192653656688
36.0,106.49395901339132,106.7775735410134,346.7461693684601,0.3981228548888934,85.27849775604125,3.640615682293764e-11,1.0556286789971214e-09,75.24521957400084,1.1333410712181264
36.5,106.57190220111818,106.79575744441537,234.43850440376835,0.21188823461239611,136.11173897350955,4.474537153183463e-11,1.0780013647630388e-09,40.046876341742866,3.398810379416121
37.0,106.56552168953097,106.80841107295345,282.8177201171961,0.2920681908181468,98.50125335690691,3.3973951590246694e-11,1.094988340558162e-09,55.200888064629744,1.7844142877118332
37.5,106.40888254980122,106.80447704491687,146.68780834098496,0.2546489360365536,14.016735953730974,2.6356275067395994e-12,1.0963061543115318e-09,48.12864891090863,0.2912347691221808
38.0,106.41797445656135,106.81246883136305,328.68759763131123,0.36832384102785004,98.52746233361974,3.902489351595118e-11,1.1158186010695075e-09,69.61320595426366,1.41535590816422
38.5,106.48469238407793,106.8278344522316,240.97384565779333,0.22286248927237767,137.13560325207146,4.500350686351967e-11,1.1383203545012673e-09,42.12101047247938,3.2557529298038044
39.0,106.45159925212843,106.83560849778002,279.510456391731,0.2867764927798264,89.88956347647743,3.0769783444456336e-11,1.1537052462234954e-09,54.2007571353872,1.658455863484411
39.5,106.29277271188276,106.82850438811874,156.6133383703099,0.25769460491775936,17.511144302436644,3.3252746474503764e-12,1.1553678835472205e-09,48.704280329456516,0.359540150967919
40.0,106.29608081632772,106.8330162760223,324.02617335744367,0.3608013674862043,100.25273586960726,3.899622576062916e-11,1.174865996427535e-09,68.1914584548926,1.4701655917202976
40.5,106.3578292490265,106.84491736226168,243.67055964755548,0.22754144970428547,139.27077618626765,4.5678244885669344e-11,1.1977051188703697e-09,43.005333994109954,3.238453541724436
41.0,106.31278265844374,106.84841315531143,279.6172337058642,0.28718346738197165,87.96189963801406,3.0092325788350965e-11,1.212751281764545e-09,54.27767533519264,1.6205907694978454
41.5,106.11865649381065,106.83410407927015,109.83651852645919,0.26029108228988673,1.2937855069472188,2.4287951030941045e-13,1.2128727215196998e-09,44.64352256126147,0.028980363392513198
42.0,106.0954082579219,106.83104042291478,353.3633540393276,0.40974865684488965,86.10071879743361,3.78141042612448e-11,1.2317797736503223e-09,77.44249614368414,1.1118019573863593
42.5,106.14750409840777,106.83632501065384,232.47369822037837,0.20933561850173588,132.87214197000702,4.357231161937764e-11,1.253565929460011e-09,39.564431896828076,3.358373559274069
43.0,106.10157556980553,106.83402339297403,284.4966170708045,0.29561910425479626,86.30305451843894,2.9798887423937864e-11,1.26846537317198e-09,55.872010704156494,1.544656321309349
43.5,105.91982672174512,106.8156109251768,128.44458078359492,0.25479954556739937,7.838429747219907,1.4170249111559831e-12,1.2691738856275578e-09,48.15711411223848,0.1627678462822978
44.0,105.9053778149303,106.8088308278891,339.6171796214966,0.3872847189166113,92.32523189201085,3.812605429886617e-11,1.2882369127769909e-09,73.19681187523953,1.2613285951494007
44.5,105.96045007596219,106.81034623871639,236.45646067948576,0.2162454373106666,137.0314473433085,4.4808069364331586e-11,1.3106409474591566e-09,40.87038765171599,3.352829645538121
45.0,105.92873943050395,106.80583049755805,281.22293182020684,0.290480675355664,97.67384116105268,3.345252677852334e-11,1.3273672108484182e-09,54.900847642220505,1.7790953210335931
45.5,105.74036585078969,106.78367500995536,131.09774618725794,0.2560518223985887,8.824160467864349,1.925715244139031e-12,1.3283300684704876e-09,40.11418258900668,0.219976075750391
46.0,105.74190460813045,106.7754968653426,337.37563621312006,0.38384114085300663,106.05049105943493,4.3356038607669496e-11,1.3500080877743224e-09,72.54597562121825,1.4618383742352936
46.5,105.7932652053521,106.77425208067366,237.164522253183,0.21769581153458736,141.11202591360438,4.6077500027008244e-11,1.3730468377878265e-09,41.14450838003701,3.4296685382701235
47.0,105.74569535523092,106.76556374279536,281.100430375781,0.29058100078034893,94.46514877149289,3.231144277563086e-11,1.3892025591756419e-09,54.91980914748595,1.7200560278315753
47.5,105.55442229628092,106.74007652884994,139.1918791023193,0.25727890777949347,11.705559196131047,2.1437385002391152e-12,1.3902744284257614e-09,48.625713570324265,0.24072776184974734
48.0,105.5359536358412,106.72665828960746,333.9132259404304,0.3784448497155024,98.83757549224416,3.980457356607204e-11,1.4101767152087975e-09,71.52607659622994,1.3818397456663207
48.5,105.57073680367299,106.71979752440974,239.3563274373253,0.22169661293583484,134.032642070028,4.368491072424343e-11,1.4320191705709192e-09,41.900659844872784,3.1988193638537425
49.0,105.49824365913426,106.70398881737677,281.41338528050915,0.2915096526978037,81.04290027477296,2.76998070424815e-11,1.44586907409216e-09,55.0953243598849,1.470957857429016
49.5,105.29014448283402,106.6713565851657,107.29307051749801,0.2591960815737622,0.6970018393311621,1.1977707740960825e-13,1.4459289626308648e-09,48.52181359376403,0.014364711203225512
50.0,105.24094904912432,106.64871696991518,330.23568355077384,0.41137761237609677,78.29632301613431,2.8127258543652836e-11,1.4599925919026912e-09,77.75036873908229,1.0070218866599097
50.5,105.29628724079333,106.63718930009428,240.34175118635025,0.22378435381027878,140.50709591163104,4.5703326699930374e-11,1.4828442552526564e-09,42.29524287014269,3.322054358288569
51.0,105.23838291324647,106.61718128366175,279.57427459978385,0.28889267160234816,86.37243636912068,2.936389343943285e-11,1.4975262019723728e-09,54.6007149328438,1.5818920407059602
51.5,105.04370052098726,106.58103950926848,125.0692432060153,0.2582367559850955,6.968724677549495,1.369295701896748e-12,1.4982108498233213e-09,43.996788403540435,0.15839166744699754
52.0,105.02813161057252,106.55785615664206,340.7113350653573,0.3905515361132626,97.74165880416021,4.0398749819186066e-11,1.5184102247329143e-09,73.81424032540663,1.3241572137472482
52.5,105.06955263928954,106.54208921427522,235.20321122169725,0.215644982393277,135.64300956716477,4.406441948846701e-11,1.540442434477148e-09,40.756901672329356,3.3280991439851135
53.0,105.00999086159325,106.51864885293352,281.0766363324216,0.29176071030506523,87.13303965870196,2.9677493922613e-11,1.5552811814384544e-09,55.14277424765732,1.5801352189385667
53.5,104.8168819882495,106.4794283702496,131.6419099121173,0.25648958830535484,9.334889795959105,1.743608063129044e-12,1.556152985470019e-09,46.92155838036176,0.1989467127303698
54.0,104.8008683907688,106.45307402943712,336.46126639257255,0.3838853298409605,98.95809144299467,4.014062686567385e-11,1.576223298902856e-09,72.55432733994154,1.3639171510658845
54.5,104.84442663445981,106.43445629788718,236.76822514511275,0.21861143010183423,138.15330251865683,4.478992563140205e-11,1.598618261718557e-09,41.317560289246664,3.3436945829207807
55.0,104.78572502944425,106.40816390107656,280.5563750468192,0.2912702151092507,88.92420868523284,3.021546526479144e-11,1.6137259943509527e-09,55.05007065564838,1.6153332343835751
55.5,104.58641549076695,106.36538562558904,124.37273289663325,0.2578869201673777,6.885476241658938,1.2195013820414806e-12,1.6143357450419734e-09,48.74062791163438,0.14126769671786227
56.0,104.54085074094743,106.332655338531,340.3820271289047,0.3929147772790631,82.07079586940837,3.362340966726842e-11,1.6311474498756077e-09,74.26089290574292,1.1051684494768776
56.5,104.57346116030952,106.30848699339072,235.7055428357893,0.21729947311206538,128.91564234585846,4.1715827446171685e-11,1.6520053635986935e-09,41.06960041818035,3.138955359516747
57.0,104.50098888124711,106.27594649838483,281.82865960263086,0.2938503600614447,76.79080240923484,2.6122126149890496e-11,1.6650664266736387e-09,55.537718051613055,1.3826783869274317
57.5,104.30659176254782,106.2284928563842,116.07353215774366,0.25845345942728404,4.094798787778285,7.114485190588361e-13,1.6654221509331682e-09,48.847703831756675,0.08382786633905585
58.0,104.29125716055664,106.19421395814358,347.7039462475272,0.4033600962599542,94.34823408308571,4.008362986062647e-11,1.6854639658634815e-09,76.23505819313134,1.2375964066829603
58.5,104.33159373788648,106.167404841839,233.27268764191018,0.21366877891237585,130.91161679691308,4.230906903955907e-11,1.706618500383261e-09,40.38339921443904,3.2417186107034244
59.0,104.2753883856723,106.13353689722733,283.4627326710795,0.2969320322232792,84.21010603473385,2.8713826656087963e-11,1.720975413711305e-09,56.12015409019977,1.5005323381576285
59.5,104.0857525513467,106.08420020685861,121.556733102068,0.2577420422278476,6.079757998060379,1.0711714020591676e-12,1.7215109994123346e-09,48.713245981063196,0.12480708020204251
60.0,104.04687387670498,106.0450969868299,333.71121647547693,0.3980889953243971,79.92130835075055,3.054629586966693e-11,1.736784147347168e-09,75.23882011631106,1.062235003515484
60.5,104.10224895327909,106.01669426486198,238.44978261382172,0.2226278108707876,136.14327738647023,4.3889052436279094e-11,1.7587286735653075e-09,42.07665625457886,3.2356011504990936
61.0,104.04640551028304,105.98027075139598,280.6075251102046,0.29258010527193096,82.00857371912475,2.775194203398633e-11,1.7726046445823006e-09,55.29763989639495,1.4830393100460548
61.5,103.85140192655105,105.9277454054053,104.23421417014333,0.2599760488793857,0.13321552233309047,2.6498436720457216e-14,1.772617893800661e-09,41.664682756076466,0.003197324772949628
62.0,103.807897103045,105.88528772102411,314.77374302310875,0.41575674241276056,73.41438480378409,2.2966416717246462e-11,1.7841011021592843e-09,78.57802431601174,0.9342864680402068
62.5,103.86361465645145,105.85387238676611,245.82111473451357,0.2352383152706176,131.61518818355083,4.24349954381119e-11,1.8053185998783402e-09,44.46004158614672,2.960302858208768
63.0,103.8203484883528,105.8158020908668,276.4727103695142,0.286102887935358,84.18154874569525,2.8208332861048426e-11,1.8194227663088643e-09,54.07344581978266,1.556800153373943
63.5,103.6374503175583,105.76211360577635,111.73179174147941,0.2620845389946025,2.816764455105758,5.267014093239162e-13,1.8196861170135263e-09,44.991184513068056,0.06260703036808479
64.0,103.61492864739323,105.71996630428856,339.1059417701642,0.4061268795731759,81.94894192389211,3.213147693557681e-11,1.8357518554813146e-09,76.75798023933025,1.0676276482051315
64.5,103.6802327037599,105.68845158707666,235.10786626834192,0.2177892332757004,135.0422947853209,4.340654879097836e-11,1.8574551298768038e-09,41.162165089107376,3.2807383793583966
65.0,103.63892112473438,105.64976190880603,280.4619748707725,0.29301415734533615,83.49124613683195,2.8179767570888314e-11,1.871545013662248e-09,55.379675738268524,1.5076152943080114
65.5,103.46632383489421,105.59635881513533,122.18882442946,0.257598424462105,6.515276712891886,1.352752255100222e-12,1.8722213897897983e-09,41.39030757061766,0.1574106861075123
66.0,103.4608027257257,105.55557795114808,340.9035798488395,0.39346733235583276,89.8998836443488,3.694253385699615e-11,1.8906926567182962e-09,74.36532581525239,1.2088951760621516
66.5,103.52936655867845,105.52452246169872,233.61441910009668,0.2155644371372106,135.99045909802535,4.367473539706218e-11,1.912530024416827e-09,40.7416786189328,3.3378707924623927
67.0,103.49148567653707,105.48630690440116,280.34449989398126,0.2930638049568706,84.11762778141637,2.8360336279348392e-11,1.9267101925565014e-09,55.38905913684855,1.5186686521175377
67.5,103.3264012495205,105.43383248023765,129.5020666155584,0.2570041501798811,9.108916949549847,1.7483186797556387e-12,1.927584351896379e-09,45.45828873637086,0.20037967118330757
68.0,103.34664000187844,105.39617668679844,336.2119839392004,0.3858820503503216,103.09971887916902,4.151678348502623e-11,1.948342743638892e-09,72.93170751621078,1.4136474023490084
68.5,103.41568187422199,105.36640409222252,235.4062829869158,0.21872212894868023,136.2721720752021,4.3712016113775065e-11,1.9701987516957795e-09,41.338482371300564,3.296496732783052
69.0,103.37953516624984,105.32943849897333,279.79873147020817,0.2923449236364295,84.34119806143475,2.8384418847980422e-11,1.98439096111977e-09,55.25319056728517,1.5264493723439796
69.5,103.21297077934594,105.27774795058124,122.79108057199642,0.2585211521938635,6.813021699223217,1.1997873967277181e-12,1.9849908548181336e-09,48.8604977646402,0.13943823765450308
70.0,103.19908475621904,105.23702120235446,335.5661503187114,0.3948402626896589,80.86183378419808,3.1650299076207336e-11,2.000816004356237e-09,74.62480964834553,1.0835784260655843
70.5,103.27090954173867,105.20662447368315,236.52779455238522,0.2208204928297355,131.33383300444822,4.207760600824304e-11,2.021854807360359e-09,41.73507314482001,3.146845641044452
71.0,103.23618763650204,105.16890377848787,280.68989981182506,0.2940592238359028,78.22762125116172,2.6356258709948028e-11,2.035032936715333e-09,55.577193304985634,1.4075489710658742
71.5,103.07286255281987,105.11661979716386,106.63026543319101,0.2595059758295617,1.2379470374584425,2.355698105531873e-13,2.035150721620609e-09,43.76078609502571,0.028288957944454296
72.0,103.071985961765,105.07642195781752,334.8002515444505,0.4116804192088621,80.6395366283449,3.007750484019812e-11,2.050189474040708e-09,77.80759923047493,1.0363966685243873
72.5,103.17081637867362,105.04856327121435,236.2812176627432,0.22057775408725572,139.89090415088305,4.478614517621738e-11,2.0725825466288166e-09,41.68919552249133,3.3555673693778014
73.0,103.15957602320331,105.01403523415577,279.28271960847576,0.2918543335461796,86.73073268359884,2.9120171652793046e-11,2.0871426324552133e-09,55.160469040227945,1.5723349382752174
73.5,103.01368123892466,104.96512538982662,125.41853568189516,0.25816395768268496,7.796705662831546,1.526674545992353e-12,2.0879059697282097e-09,44.181819851035954,0.17646864002250312
74.0,103.05295232639213,104.93137158480303,338.25620310576693,0.389756204702728,101.32916086195978,4.1102155296369394e-11,2.1084570473763943e-09,73.66392268881559,1.3755602086249556
74.5,103.1531730600153,104.90718137781883,234.08638640575504,0.21696992764371748,141.17423448460985,4.520414550238971e-11,2.131059120127589e-09,41.0073163246626,3.44265967972415
75.0,103.13537281989242,104.87522737862155,279.5617494735105,0.2923568222212601,82.5858781919128,2.7741191132001268e-11,2.1449297156935897e-09,55.25543939981815,1.4946198797612782
75.5,102.99404532169648,104.82957694346226,127.59172861143661,0.25739415106783337,8.559792123881653,1.8432275303388436e-12,2.145851329458759e-09,40.357290416553006,0.21210026826703798
76.0,103.01954872668496,104.79701214392918,336.9617249038589,0.3876664731655484,91.02099984975662,3.6715790005899933e-11,2.164209224461709e-09,73.26896342828864,1.2422858955667173
76.5,103.12389641967894,104.77516452089279,234.87613651340322,0.21832713999425554,139.0672699292511,4.45133480574916e-11,2.1864658984904547e-09,41.263829458914294,3.3701978646387647
77.0,103.11137593893643,104.7456608540368,279.97825275939533,0.2930867767292437,80.79045155908146,2.7158654343211742e-11,2.2000452256620607e-09,55.39340080182706,1.4584851334207434
77.5,102.97919845054554,104.70292221957683,128.22739875128636,0.2588406320571743,8.786166710529704,1.5628509052965644e-12,2.200826651114709e-09,48.920879458805935,0.17959952494165887
78.0,103.0157463869327,104.67367995387633,338.6225530213816,0.39042493865065614,92.51548446469033,3.757917189377774e-11,2.2196162370615977e-09,73.790313404974,1.253761912582609
78.5,103.11350593211758,104.65348155856816,235.5717960084787,0.2194971381156722,130.661802800426,4.181588109964437e-11,2.2405241776114197e-09,41.484959103862046,3.149618696098992
79.0,103.1037402865908,104.62617166485441,280.724398390278,0.294335870571074,76.42450539778606,2.5731491730345233e-11,2.2533899234765924e-09,55.629479537932994,1.3738130579789662
79.5,102.98863692832585,104.58714705807668,138.4270123807585,0.25844280154184396,12.332264120475985,2.2446814909361347e-12,2.2545122642220606e-09,48.84568949140851,0.2524739490604409
80.0,103.04839287952043,104.56285504840454,331.4633567002238,0.37850730847073416,100.65202483086102,3.970409535661197e-11,2.2743643119003668e-09,71.53788130096875,1.4069751997183906
80.5,103.16655026579832,104.54809757689698,236.98328810458173,0.22174822708835512,138.76960248654717,4.4424477879671665e-11,2.2965765508402026e-09,41.910414919699114,3.311100659643468
81.0,103.17735238524871,104.52689831594358,278.13663879120736,0.28992570137157214,85.91635828764547,2.8780346294634024e-11,2.3109667239875195e-09,54.79595755922713,1.5679324190070285
81.5,103.06968195300637,104.49316615592636,147.48880806657496,0.25778875877425583,15.45749172302019,2.8761282633171224e-12,2.312404788119178e-09,48.72207540833435,0.3172584828021519
82.0,103.1318403595681,104.47365779388382,324.4875000843944,0.3668093087061291,100.79663996489882,3.871324300738922e-11,2.3317614096228723e-09,69.32695934545839,1.4539313553710906
82.5,103.26464377949006,104.4648718170786,239.0034082158896,0.22493322470017488,145.49906969771567,4.6616695242979414e-11,2.355069757244362e-09,42.51237946833305,3.4225106079064838
83.0,103.28554670099209,104.44951193271521,276.5674904171302,0.2871461703973871,90.71204185939884,3.030851992374748e-11,2.3702240172062358e-09,54.27062620510616,1.6714758646153969
83.5,103.18099919965347,104.42101128954947,150.44876432890487,0.2585229563077061,16.448794746276636,3.071613694565985e-12,2.371759824053519e-09,48.860838742156446,0.3366457713318959
84.0,103.2313167084098,104.40494073058493,323.106656249252,0.36435626447845515,92.65936000011925,3.5420411544444576e-11,2.389470029825741e-09,68.86333398642802,1.3455543703181883
84.5,103.36075885188721,104.39975921368077,240.11821789459236,0.22662130742092454,140.4206000146003,4.5028071553471016e-11,2.4119840656024766e-09,42.831427102554734,3.2784478480808015
85.0,103.39798876741148,104.38981140262663,277.17132612618184,0.28796046067837916,96.13155928592326,3.21792472247e-11,2.4280736892148265e-09,54.424527068213656,1.7663278757651963
85.5,103.29316317478437,104.36538177141885,141.39430986616668,0.2602334637130079,13.258886681242378,2.4119671085806396e-12,2.4292796727691166e-09,49.18412464175848,0.2695765509260537
86.0,103.33895882862369,104.3526788163177,330.7582380610805,0.3768573557387456,86.39283555892759,3.4027098889965575e-11,2.4462932222140996e-09,71.22604023462293,1.2129389093419247
86.5,103.47183218199987,104.35134273046404,238.88054857086448,0.2243863008207196,137.7931468969823,4.421479605638639e-11,2.468400620242293e-09,42.409010855115994,3.249147860763173
87.0,103.48515729687719,104.3421778004716,279.52288181567735,0.2917127852850601,77.46301782033837,2.6069924515496148e-11,2.481435582500041e-09,55.133716418876354,1.4050026526747441
87.5,103.3921157604208,104.32127185635025,139.38711807227773,0.2590733385741396,12.5259657041218,2.279046029433258e-12,2.4825751055147577e-09,48.964860990512385,0.25581540416399584
88.0,103.47647592280694,104.31543687035577,330.806078926635,0.376708752917966,102.06123019034953,4.0230281860875944e-11,2.5026902464451957e-09,71.19795430149557,1.4334854307493166
88.5,103.61847196531737,104.3192334992079,237.2057890905047,0.22136805314809244,139.81098418676245,4.4909160030110237e-11,2.525144826460251e-09,41.838562044989466,3.3416775661750076
89.0,103.6590040862473,104.31739933026599,277.6722019768847,0.28835793448135033,90.46630240403034,3.035923975124688e-11,2.5403244463358744e-09,54.499649616975205,1.6599428260517197
89.5,103.56916907045918,104.30214058655706,143.33754254399804,0.2567085058210457,13.83906793288817,3.0953495155088734e-12,2.5418721210936287e-09,40.169605249273616,0.3445159056707041
90.0,103.68124539221319,104.30456827189853,326.15374573451055,0.3686600295566316,117.472905237724,4.5516445827438465e-11,2.564630344007348e-09,69.67674558620337,1.6859700356180918
90.5,103.82241471982105,104.31443661935265,238.24523641732486,0.22275257096423134,140.92543799951977,4.5335976280017645e-11,2.587298332147357e-09,42.10023591223972,3.3473788197597436
91.0,103.8805931222048,104.32042198279265,276.9450206851819,0.2867857235496642,101.75475344624219,3.414092117391659e-11,2.6043687927343154e-09,54.20250175088653,1.877307322711869
91.5,103.80144226982344,104.31272811627984,168.12749501974434,0.257908347176935,22.384938988088983,4.358352510871448e-12,2.606547968989751e-09,48.74467761644071,0.4592283728744765
92.0,103.87945713076118,104.31797064286457,314.128688540575,0.3484048039489959,100.60154639634644,3.7358087122870444e-11,2.6252270125511865e-09,65.84850794636023,1.5277726031134344
92.5,104.02012344620591,104.33263938083995,244.87847490286947,0.23341691189434208,139.76043851396392,4.509214274760326e-11,2.647773083924988e-09,44.11579634803065,3.1680361703411233
93.0,104.05941954657953,104.34118460018382,276.4408219862222,0.2856538800104898,89.56857235547052,3.005319143737452e-11,2.662799679643675e-09,53.98858332198257,1.6590280174845933
93.5,103.96341738273938,104.33529153913189,130.60624820702918,0.2624965199924164,9.271486699025484,1.6343068460997573e-12,2.663616833066725e-09,49.6118422785667,0.18688051628816352
94.0,104.0335087165013,104.34247198694413,338.663858527555,0.3888068483212007,90.87351941187562,3.707880337615058e-11,2.6821562347548006e-09,73.48449433270693,1.2366352961542946
94.5,104.17281216942362,104.3593779414839,235.9472660044893,0.21836395046982846,133.01462821516782,4.290956372068194e-11,2.7036110166151417e-09,41.270786638797574,3.2229729319024973
95.0,104.21379552604752,104.37037587903991,280.5221927925195,0.2921613181284602,84.46998201738742,2.860678556210236e-11,2.717914409396193e-09,55.218489126278975,1.5297409138488616
95.5,104.12746356089603,104.36783760260434,130.06066078298272,0.2570018418555845,9.024540023298773,1.679456084044042e-12,2.7187541374382152e-09,46.93861769125141,0.192262586057808
96.0,104.21244402207903,104.37931609160735,336.22091047605454,0.3844621154017284,94.68320528847737,3.827127255757835e-11,2.7378897737170043e-09,72.66333981092666,1.3030395455926937
96.5,104.37246535767015,104.40174440453139,235.70959238017696,0.21763925453933905,141.74771216183277,4.579792921783027e-11,2.7607887383259193e-09,41.133819107935075,3.4460138940633493
97.0,104.42936898878881,104.41854436015811,279.3928970854831,0.28993273029348204,92.502487703544,3.1290789759905463e-11,2.776434133205872e-09,54.797286025468104,1.6880852029889157
97.5,104.3487249334514,104.42125102448782,140.7948293233008,0.2563116967131749,12.682945528960726,2.5826293375382465e-12,2.777725447874641e-09,43.882372899699334,0.2890214154542136
98.0,104.43434348702584,104.43753133708046,329.4446422500337,0.3728654250070733,95.9487992065189,3.777849110377985e-11,2.796614693426531e-09,70.47156532633686,1.3615250173911009
98.5,104.59743323591557,104.46492830983036,238.47066018057308,0.22184183540133365,144.4852067501123,4.675058431663429e-11,2.8199899855848483e-09,41.92810689085206,3.4460226674731245
99.0,104.64527767334928,104.4853663486786,278.5627743395405,0.28819934761700233,88.51641478996861,2.9928145857659364e-11,2.834954058513678e-09,54.46967669961344,1.6250585675056302
99.5,104.56230201524446,104.49194880837574,138.35751204978175,0.25796305482815224,11.760456026329086,2.144266550418294e-12,2.8360261917888872e-09,48.75501736252077,0.24121529767661717
100.0,104.64333995194347,104.51166401084386,332.4833282179852,0.37755451428426273,93.59517770833762,3.733129913801264e-11,2.8546918413578936e-09,71.35780319972565,1.3116319941404455
100.5,104.80101433158353,104.54212677809205,238.58256087445983,0.22168991145757244,141.3362705191102,4.580128251664634e-11,2.877592482616217e-09,41.899393265481194,3.3732295268234838
101.0,104.85205097678059,104.56628559135405,280.4532657562394,0.2909894433297184,90.02239636426877,3.059347832252993e-11,2.892889221777482e-09,54.997004789316776,1.6368599837232538
101.5,104.751393239155,104.57436865122018,109.55085673746892,0.2594687635119189,1.6701739496280463,3.4660018444444335e-13,2.893062521869704e-09,40.36185967280716,0.04138000486516944
102.0,104.80794918183467,104.59402406920212,329.0721790714744,0.41029568065364136,78.04211340010318,2.7838084609658775e-11,2.9069815641745334e-09,77.54588364353822,1.0063991759878064
102.5,104.95657004710102,104.62507065606268,240.78082435115974,0.22507489028621153,132.65561197653344,4.304318314587383e-11,2.9285031557474702e-09,42.53915426409398,3.1184355747407055
103.0,105.01730430552497,104.65153531785685,279.42865375563105,0.28901771295040113,91.77145185534928,3.1150473931069805e-11,2.9440783927130053e-09,54.62434774762581,1.6800466392633133
103.5,104.93857071612479,104.66374833185948,139.286640837781,0.25859204502439986,11.952846804094028,2.17835045117906e-12,2.945167567938595e-09,48.87389650961157,0.2445650471462486
104.0,105.0209697153033,104.68894769462632,332.449470766117,0.37687263724914716,93.21630936494577,3.723687907410749e-11,2.9637860074756486e-09,71.22892844008881,1.3086861111963901
104.5,105.16859078098912,104.72367983910038,238.47439725186376,0.22090156076822645,135.16012799547988,4.392067802673968e-11,2.9857463464890183e-09,41.750394985194795,3.2373377076650254
105.0,105.22528049681995,104.7534071071324,279.54977386180724,0.288873783400197,92.72178881279956,3.151850666758991e-11,3.001505599822813e-09,54.597145062637225,1.6982900608891431
105.5,105.14906817460457,104.76939839396513,153.01799793143698,0.2572683237155608,16.657995108103812,3.1434877384892954e-12,3.003077343692058e-09,48.62371318224099,0.34258994260002074
106.0,105.24944781088637,104.80016906044881,324.265842689925,0.36293290400054984,107.52724942282963,4.166281645456665e-11,3.0239087519193413e-09,68.59431885610391,1.5675824356299624
106.5,105.39443637644821,104.83893858151525,241.9161577103426,0.22623066556377788,139.63423211538458,4.546087024210208e-11,3.0466391870403925e-09,42.75759579155402,3.2657175767344424
107.0,105.44286817491252,104.87191251572513,278.45424121597387,0.28669780669887385,93.99185485581185,3.1918867604927034e-11,3.062598620842856e-09,54.18588546608716,1.734618785820852
107.5,105.34738331960415,104.88953106772733,137.12442688844973,0.2591292379237766,11.058150641946991,2.001890085618661e-12,3.0635995658856653e-09,48.97542596759378,0.22578977974104777
108.0,105.41493335312947,104.91957378449145,334.87825256129156,0.38024454218515613,92.53138929181006,3.739084325323601e-11,3.082294987512283e-09,71.8662184729945,1.2875505523722666
108.5,105.55817625274317,104.95965328905379,238.87653790141053,0.22092236600127324,139.93802846514032,4.5605729068738755e-11,3.1050978520466526e-09,41.75432717424064,3.351461703147065
109.0,105.5733349145859,104.9904451646799,281.57924416071853,0.29166006407527495,76.37400847877277,2.6124424068610803e-11,3.1181600640809578e-09,55.12375211022697,1.3855009057811087
109.5,105.4675937943509,105.00707010670745,117.33491635468705,0.25927947137435103,4.129730958276827,7.170693672037911e-13,3.1185185987645595e-09,49.003820089752345,0.084273653578702
110.0,105.5118110842846,105.03436229120065,328.7636640474527,0.40174358261600296,77.68981452953328,2.8229608550273526e-11,3.1326334030396964e-09,75.92953711442455,1.0231830389332681
110.5,105.64493353795824,105.0722945987287,241.48092759555885,0.22509434427661973,131.20858913548292,4.279365343395486e-11,3.1540302297566738e-09,42.542831068281124,3.0841527430295717
111.0,105.68925552027282,105.10503128467525,279.7915312867765,0.2885055457694834,90.29587194335684,3.079109402535842e-11,3.169425776769353e-09,54.52754815043236,1.6559679465917976
111.5,105.5845993285758,105.12194114110615,121.20831758913927,0.2586445407139937,5.436925865628137,1.0535550906999573e-12,3.1699525543147033e-09,44.25936389982715,0.12284238603007509
112.0,105.66531345351719,105.1536151635329,344.27305889175386,0.3953978057978309,100.42083397643161,4.226109726082386e-11,3.1910831029451152e-09,74.73018529579004,1.3437787365166465
112.5,105.79344676947369,105.19303466136479,234.97054913315213,0.21405986943177963,134.13417574702638,4.382100208597796e-11,3.212993603988104e-09,40.45731532260635,3.3154492500909023
113.0,105.83040231494851,105.22683674936494,282.6854362349549,0.29306715181369625,91.92924718519473,3.1566403343140366e-11,3.2287768056596743e-09,55.38969169278859,1.6596815106873646
113.5,105.71661465921112,105.24436259872938,122.70621483885502,0.2564820521814358,5.912241575460605,1.0739082513536534e-12,3.2293137597853513e-09,47.3621599881082,0.12483048866320844
114.0,105.76729308173061,105.2740208259893,343.98936617057916,0.39475870667544116,88.45295752615084,3.719450745013024e-11,3.2479110135104163e-09,74.60939556165839,1.185547166818312
114.5,105.87958186922027,105.31178980325349,235.72763220683322,0.21517169988058157,128.08944394012644,4.186523528166269e-11,3.2688436311512475e-09,40.66745127742992,3.1496796557598628
115.0,105.90376630456767,105.34373667078063,283.5245388406298,0.29433606019739944,86.83609414739573,2.9884856191444306e-11,3.2837860592469696e-09,55.62951537730849,1.560971609377286
115.5,105.78148756228016,105.35949040463147,113.87189652018279,0.2577491409718071,2.8153959891711464,4.883120818327362e-13,3.284030215287886e-09,48.71458764367154,0.057793694360397434
116.0,105.84696599747072,105.38976216357752,350.127922273138,0.40479890513276073,98.85765308080504,4.273346995825489e-11,3.305396950267013e-09,76.50699307009178,1.2921387851465647
116.5,105.96296058790318,105.42773468117535,233.23351378822537,0.21090051953535358,134.3121162438536,4.39650448693802e-11,3.327379472701703e-09,39.86019819218182,3.3695797395758453
117.0,105.96810621354342,105.45767439935824,283.55521502229135,0.2942802759063633,80.93653177174457,2.7866489174673202e-11,3.3413127172890397e-09,55.61897214630266,1.4551964671127948
117.5,105.85375820262993,105.47371824183114,138.6876962614752,0.2547519146099551,11.425941259653113,2.1110176937328236e-12,3.342368226135906e-09,48.148111861281514,0.2373081896248008
118.0,105.8986632152128,105.50162723799423,332.83723909167793,0.3760607803725534,92.43015685755675,3.7123114704929e-11,3.3609297834883705e-09,71.0754874904126,1.3004505508319544
118.5,106.00918290708533,105.5381600382917,238.58720156438494,0.21969554080418266,135.3387248183208,4.42573929973791e-11,3.38305847998706e-09,41.52245721199052,3.259410302414347
119.0,106.01748102853755,105.56754564367249,279.4028713241884,0.28731759211918195,87.19534417422265,2.9766325868272014e-11,3.397941642921196e-09,54.30302491052539,1.605717993019609
119.5,105.91163271269613,105.58392990598544,168.72323900248054,0.25586150804788166,21.857924035956316,4.2956010125926795e-12,3.4000894434274923e-09,48.357825021049635,0.45200386962072425
120.0,105.97474187320839,105.61377096549784,314.8408739041964,0.34611286468866875,110.06402619221531,4.138254423831921e-11,3.420780715546652e-09,65.41533142615839,1.6825417496578292
