time,h,v
0.0,1.0,0.0
0.004,0.99994114,-0.039240000000000004
0.008,0.99972532,-0.07848000000000001
0.012,0.9993525400000001,-0.11772
0.016,0.9988228000000001,-0.15696000000000004
0.02,0.9981361000000002,-0.1962000000000001
0.024,0.9972924400000003,-0.23544000000000015
0.028,0.9962918200000004,-0.27468000000000015
0.032,0.9951342400000005,-0.3139200000000001
0.036000000000000004,0.9938197000000006,-0.35316000000000003
0.04,0.9923482000000008,-0.39239999999999997
0.044,0.990719740000001,-0.4316399999999999
0.048,0.9889343200000011,-0.47087999999999985
0.052000000000000005,0.9869919400000013,-0.5101199999999998
0.056,0.9848926000000016,-0.5493599999999997
0.06,0.9826363000000014,-0.5885999999999997
0.064,0.9802230400000012,-0.6278399999999996
0.068,0.977652820000001,-0.6670799999999996
0.07200000000000001,0.9749256400000008,-0.7063199999999995
0.076,0.9720415000000007,-0.7455599999999994
0.08,0.9690004000000005,-0.7847999999999994
0.084,0.9658023400000004,-0.8240399999999993
0.088,0.9624473200000003,-0.8632799999999993
0.092,0.9589353400000002,-0.9025199999999992
0.096,0.9552664000000002,-0.9417599999999992
0.1,0.9514405000000001,-0.9809999999999991
0.10400000000000001,0.9474576400000001,-1.0202399999999994
0.108,0.9433178200000001,-1.0594799999999998
0.112,0.9390210400000001,-1.0987200000000001
0.116,0.9345673000000001,-1.1379600000000005
0.12,0.9299566000000001,-1.177200000000001
0.124,0.9251889400000002,-1.2164400000000013
0.128,0.9202643200000002,-1.2556800000000017
0.132,0.9151827400000003,-1.294920000000002
0.136,0.9099442000000004,-1.3341600000000025
0.14,0.9045487000000005,-1.3734000000000028
0.14400000000000002,0.8989962400000007,-1.4126400000000032
0.148,0.8932868200000008,-1.4518800000000036
0.152,0.887420440000001,-1.491120000000004
0.156,0.8813971000000012,-1.5303600000000044
0.16,0.8752168000000013,-1.5696000000000048
0.164,0.8688795400000011,-1.6088400000000052
0.168,0.8623853200000009,-1.6480800000000055
0.17200000000000001,0.8557341400000007,-1.687320000000006
0.176,0.8489260000000005,-1.7265600000000063
0.18,0.8419609000000003,-1.7658000000000067
0.184,0.8348388400000002,-1.805040000000007
0.188,0.8275598200000001,-1.8442800000000075
0.192,0.8201238399999999,-1.8835200000000079
0.196,0.8125308999999998,-1.9227600000000082
0.2,0.8047809999999997,-1.9620000000000086
0.20400000000000001,0.7968741399999997,-2.001240000000009
0.20800000000000002,0.7888103199999996,-2.0404800000000085
0.212,0.7805895399999996,-2.079720000000008
0.216,0.7722117999999996,-2.1189600000000075
0.22,0.7636770999999996,-2.158200000000007
0.224,0.7549854399999996,-2.1974400000000065
0.228,0.7461368199999996,-2.236680000000006
0.232,0.7371312399999996,-2.2759200000000055
0.23600000000000002,0.7279686999999997,-2.315160000000005
0.24,0.7186491999999998,-2.3544000000000045
0.244,0.7091727399999999,-2.393640000000004
0.248,0.69953932,-2.4328800000000035
0.252,0.6897489400000001,-2.472120000000003
0.256,0.6798016000000002,-2.5113600000000025
0.26,0.6696973000000004,-2.550600000000002
0.264,0.6594360400000006,-2.5898400000000015
0.268,0.6490178200000007,-2.629080000000001
0.272,0.638442640000001,-2.6683200000000005
0.276,0.627710500000001,-2.70756
0.28,0.6168214000000007,-2.7467999999999995
0.28400000000000003,0.6057753400000006,-2.786039999999999
0.28800000000000003,0.5945723200000004,-2.8252799999999985
0.292,0.5832123400000002,-2.864519999999998
0.296,0.5716954000000001,-2.9037599999999975
0.3,0.5600215,-2.942999999999997
0.304,0.5481906399999998,-2.9822399999999964
0.308,0.5362028199999997,-3.021479999999996
0.312,0.5240580399999997,-3.0607199999999954
0.316,0.5117562999999996,-3.099959999999995
0.32,0.49929759999999956,-3.1391999999999944
0.324,0.48668193999999954,-3.178439999999994
0.328,0.4739093199999995,-3.2176799999999934
0.332,0.4609797399999995,-3.256919999999993
0.336,0.44789319999999955,-3.2961599999999924
0.34,0.4346496999999996,-3.335399999999992
0.34400000000000003,0.42124923999999964,-3.3746399999999914
0.34800000000000003,0.4076918199999997,-3.413879999999991
0.352,0.3939774399999998,-3.4531199999999904
0.356,0.3801060999999999,-3.49235999999999
0.36,0.3660778,-3.5315999999999894
0.364,0.35189254000000014,-3.570839999999989
0.368,0.3375503200000003,-3.6100799999999884
0.372,0.32305114000000024,-3.649319999999988
0.376,0.3083950000000002,-3.6885599999999874
0.38,0.2935819000000002,-3.727799999999987
0.384,0.27861184000000017,-3.7670399999999864
0.388,0.2634848200000002,-3.806279999999986
0.392,0.2482008400000002,-3.8455199999999854
0.396,0.23275990000000024,-3.884759999999985
0.4,0.2171620000000003,-3.9239999999999844
0.404,0.20140714000000037,-3.963239999999984
0.40800000000000003,0.18549532000000046,-4.002479999999983
0.41200000000000003,0.16942654000000057,-4.041719999999983
0.41600000000000004,0.15320080000000066,-4.080959999999982
0.42,0.1368181000000007,-4.120199999999982
0.424,0.12027844000000074,-4.159439999999981
0.428,0.1035818200000008,-4.198679999999981
0.432,0.08672824000000087,-4.23791999999998
0.436,0.06971770000000097,-4.27715999999998
0.44,0.05255020000000105,-4.316399999999979
0.444,0.03522574000000113,-4.355639999999979
0.448,0.017744320000001215,-4.394879999999978
0.452,0.00010594000000130072,-4.434119999999978
0.456,0.009302822999999953,3.0813209999999844
0.46,0.021569246999999892,3.042080999999985
0.464,0.033678710999999834,3.0028409999999854
0.468,0.04563121499999978,2.963600999999986
0.47200000000000003,0.057426758999999716,2.9243609999999864
0.47600000000000003,0.06906534299999967,2.885120999999987
0.48,0.08054696699999964,2.8458809999999874
0.484,0.09187163099999958,2.806640999999988
0.488,0.10303933499999952,2.7674009999999885
0.492,0.11405007899999949,2.728160999999989
0.496,0.12490386299999946,2.6889209999999895
0.5,0.13560068699999941,2.64968099999999
0.504,0.14614055099999937,2.6104409999999905
0.508,0.15652345499999934,2.571200999999991
0.512,0.16674939899999933,2.5319609999999915
0.516,0.17681838299999933,2.492720999999992
0.52,0.18673040699999932,2.4534809999999925
0.524,0.19648547099999925,2.414240999999993
0.528,0.2060835749999992,2.3750009999999935
0.532,0.21552471899999914,2.335760999999994
0.536,0.22480890299999912,2.2965209999999945
0.54,0.2339361269999991,2.257280999999995
0.544,0.2429063909999991,2.2180409999999955
0.548,0.25171969499999913,2.178800999999996
0.552,0.26037603899999917,2.1395609999999965
0.556,0.2688754229999992,2.100320999999997
0.56,0.2772178469999993,2.0610809999999975
0.5640000000000001,0.2854033109999994,2.021840999999998
0.5680000000000001,0.29343181499999943,1.982600999999998
0.5720000000000001,0.3013033589999993,1.9433609999999977
0.5760000000000001,0.30901794299999924,1.9041209999999973
0.58,0.31657556699999917,1.864880999999997
0.584,0.3239762309999991,1.8256409999999965
0.588,0.3312199349999991,1.7864009999999961
0.592,0.33830667899999906,1.7471609999999957
0.596,0.34523646299999905,1.7079209999999954
0.6,0.35200928699999906,1.668680999999995
0.604,0.3586251509999991,1.6294409999999946
0.608,0.36508405499999913,1.5902009999999942
0.612,0.3713859989999992,1.5509609999999938
0.616,0.37753098299999927,1.5117209999999934
0.62,0.38351900699999913,1.472480999999993
0.624,0.389350070999999,1.4332409999999927
0.628,0.3950241749999989,1.3940009999999923
0.632,0.40054131899999884,1.3547609999999919
0.636,0.4059015029999988,1.3155209999999915
0.64,0.4111047269999987,1.2762809999999911
0.644,0.4161509909999987,1.2370409999999907
0.648,0.4210402949999987,1.1978009999999903
0.652,0.4257726389999987,1.15856099999999
0.656,0.4303480229999987,1.1193209999999896
0.66,0.4347664469999987,1.0800809999999892
0.664,0.43902791099999877,1.0408409999999888
0.668,0.4431324149999987,1.0016009999999884
0.672,0.4470799589999986,0.9623609999999885
0.676,0.45087054299999846,0.9231209999999885
0.68,0.45450416699999835,0.8838809999999886
0.684,0.45798083099999826,0.8446409999999887
0.6880000000000001,0.4613005349999982,0.8054009999999887
0.6920000000000001,0.4644632789999981,0.7661609999999888
0.6960000000000001,0.4674690629999981,0.7269209999999888
0.7000000000000001,0.47031788699999805,0.6876809999999889
0.704,0.47300975099999804,0.6484409999999889
0.708,0.47554465499999804,0.609200999999989
0.712,0.47792259899999806,0.5699609999999891
0.716,0.4801435829999981,0.5307209999999891
0.72,0.48220760699999815,0.4914809999999892
0.724,0.4841146709999981,0.45224099999998923
0.728,0.485864774999998,0.4130009999999893
0.732,0.48745791899999785,0.37376099999998935
0.736,0.48889410299999775,0.3345209999999894
0.74,0.49017332699999766,0.29528099999998947
0.744,0.4912955909999976,0.2560409999999895
0.748,0.49226089499999753,0.21680099999998947
0.752,0.4930692389999975,0.17756099999998942
0.756,0.49372062299999747,0.13832099999998937
0.76,0.49421504699999746,0.09908099999998936
0.764,0.4945525109999975,0.05984099999998936
0.768,0.4947330149999975,0.020600999999989364
0.772,0.49475655899999754,-0.01863900000001064
0.776,0.4946231429999976,-0.05787900000001064
0.78,0.4943327669999975,-0.09711900000001064
0.784,0.4938854309999974,-0.13635900000001067
0.788,0.49328113499999726,-0.17559900000001072
0.792,0.49251987899999716,-0.21483900000001077
0.796,0.4916016629999971,-0.2540790000000108
0.8,0.490526486999997,-0.29331900000001077
0.804,0.48929435099999696,-0.3325590000000107
0.808,0.48790525499999693,-0.37179900000001065
0.812,0.4863591989999969,-0.4110390000000106
0.8160000000000001,0.4846561829999969,-0.45027900000001053
0.8200000000000001,0.4827962069999969,-0.4895190000000105
0.8240000000000001,0.48077927099999695,-0.5287590000000104
0.8280000000000001,0.478605374999997,-0.5679990000000104
0.8320000000000001,0.47627451899999707,-0.6072390000000103
0.836,0.4737867029999969,-0.6464790000000102
0.84,0.4711419269999968,-0.6857190000000102
0.844,0.4683401909999967,-0.7249590000000101
0.848,0.4653814949999966,-0.7641990000000101
0.852,0.4622658389999965,-0.80343900000001
0.856,0.45899322299999645,-0.84267900000001
0.86,0.4555636469999964,-0.8819190000000099
0.864,0.4519771109999964,-0.9211590000000098
0.868,0.44823361499999637,-0.9603990000000098
0.872,0.44433315899999637,-0.9996390000000097
0.876,0.4402757429999964,-1.03887900000001
0.88,0.4360613669999964,-1.0781190000000105
0.884,0.4316900309999965,-1.1173590000000109
0.888,0.42716173499999643,-1.1565990000000113
0.892,0.4224764789999963,-1.1958390000000116
0.896,0.4176342629999962,-1.235079000000012
0.9,0.41263508699999607,-1.2743190000000124
0.904,0.407478950999996,-1.3135590000000128
0.908,0.4021658549999959,-1.3527990000000132
0.912,0.39669579899999585,-1.3920390000000136
0.916,0.3910687829999958,-1.431279000000014
0.92,0.3852848069999958,-1.4705190000000143
0.924,0.3793438709999958,-1.5097590000000147
0.928,0.3732459749999958,-1.5489990000000151
0.932,0.3669911189999958,-1.5882390000000155
0.936,0.36057930299999585,-1.6274790000000159
0.9400000000000001,0.3540105269999957,-1.6667190000000163
0.9440000000000001,0.34728479099999554,-1.7059590000000167
0.9480000000000001,0.3404020949999954,-1.745199000000017
0.9520000000000001,0.3333624389999953,-1.7844390000000174
0.9560000000000001,0.3261658229999952,-1.8236790000000178
0.96,0.3188122469999951,-1.8629190000000182
0.964,0.31130171099999504,-1.9021590000000186
0.968,0.303634214999995,-1.941399000000019
0.972,0.29580975899999495,-1.9806390000000194
0.976,0.28782834299999493,-2.019879000000019
0.98,0.27968996699999493,-2.0591190000000186
0.984,0.27139463099999495,-2.098359000000018
0.988,0.262942334999995,-2.1375990000000176
0.992,0.25433307899999485,-2.176839000000017
0.996,0.24556686299999478,-2.2160790000000166
1.0,0.23664368699999475,-2.255319000000016
1.004,0.22756355099999473,-2.2945590000000156
1.008,0.21832645499999465,-2.333799000000015
1.012,0.20893239899999455,-2.3730390000000146
1.016,0.19938138299999447,-2.412279000000014
1.02,0.1896734069999944,-2.4515190000000135
1.024,0.17980847099999436,-2.490759000000013
1.028,0.16978657499999433,-2.5299990000000125
1.032,0.15960771899999432,-2.569239000000012
1.036,0.14927190299999432,-2.6084790000000115
1.04,0.13877912699999423,-2.647719000000011
1.044,0.12812939099999415,-2.6869590000000105
1.048,0.11732269499999409,-2.72619900000001
1.052,0.10635903899999405,-2.7654390000000095
1.056,0.09523842299999402,-2.804679000000009
1.06,0.083960846999994,-2.8439190000000085
1.064,0.07252631099999395,-2.883159000000008
1.068,0.06093481499999391,-2.9223990000000075
1.072,0.049186358999993886,-2.961639000000007
1.076,0.037280942999993856,-3.0008790000000065
1.08,0.025218566999993836,-3.040119000000006
1.084,0.01299923099999381,-3.0793590000000055
1.088,0.0006229349999937895,-3.118599000000005
1.092,0.006540228900000009,2.1604563000000034
1.096,0.015123194100000023,2.121216300000004
1.1,0.023549199300000042,2.0819763000000044
1.104,0.03181824450000006,2.042736300000005
1.108,0.03993032970000008,2.0034963000000054
1.112,0.0478854549000001,1.964256300000005
1.116,0.055683620100000115,1.9250163000000047
1.12,0.06332482530000014,1.8857763000000043
1.124,0.07080907050000015,1.846536300000004
1.1280000000000001,0.07813635570000019,1.8072963000000035
1.1320000000000001,0.08530668090000018,1.7680563000000031
1.1360000000000001,0.09232004610000019,1.7288163000000027
1.1400000000000001,0.09917645130000022,1.6895763000000024
1.1440000000000001,0.10587589650000022,1.650336300000002
1.1480000000000001,0.11241838170000022,1.6110963000000016
1.1520000000000001,0.11880390690000024,1.5718563000000012
1.156,0.12503247210000024,1.5326163000000008
1.16,0.1311040773000003,1.4933763000000004
1.164,0.13701872250000025,1.4541363
1.168,0.14277640770000022,1.4148962999999997
1.172,0.1483771329000002,1.3756562999999993
1.176,0.15382089810000021,1.336416299999999
1.18,0.15910770330000024,1.2971762999999985
1.184,0.16423754850000027,1.2579362999999981
1.188,0.16921043370000022,1.2186962999999977
1.192,0.17402635890000018,1.1794562999999973
1.196,0.17868532410000015,1.140216299999997
1.2,0.18318732930000015,1.1009762999999966
1.204,0.18753237450000015,1.0617362999999962
1.208,0.19172045970000018,1.0224962999999958
1.212,0.19575158490000016,0.9832562999999956
1.216,0.1996257501000001,0.9440162999999957
1.22,0.20334295530000007,0.9047762999999958
1.224,0.20690320050000005,0.8655362999999958
1.228,0.21030648570000005,0.8262962999999959
1.232,0.21355281090000006,0.7870562999999959
1.236,0.21664217610000008,0.747816299999996
1.24,0.21957458130000004,0.708576299999996
1.244,0.2223500265,0.6693362999999961
1.248,0.22496851169999996,0.6300962999999962
1.252,0.22743003689999994,0.5908562999999962
1.256,0.22973460209999993,0.5516162999999963
1.26,0.23188220729999995,0.5123762999999963
1.264,0.23387285249999998,0.4731362999999964
1.268,0.23570653769999994,0.43389629999999646
1.272,0.2373832628999999,0.3946562999999965
1.276,0.23890302809999986,0.3554162999999966
1.28,0.24026583329999984,0.31617629999999664
1.284,0.24147167849999984,0.2769362999999967
1.288,0.24252056369999986,0.2376962999999967
1.292,0.2434124888999999,0.19845629999999664
1.296,0.24414745409999983,0.1592162999999966
1.3,0.24472545929999978,0.11997629999999655
1.304,0.24514650449999975,0.08073629999999656
1.308,0.24541058969999974,0.04149629999999656
1.312,0.24551771489999974,0.0022562999999965576
1.316,0.24546788009999976,-0.03698370000000344
1.32,0.2452610852999998,-0.07622370000000345
1.324,0.24489733049999973,-0.11546370000000344
1.328,0.2443766156999997,-0.1547037000000035
1.332,0.24369894089999966,-0.19394370000000355
1.336,0.24286430609999965,-0.2331837000000036
1.34,0.24187271129999965,-0.2724237000000036
1.344,0.24072415649999968,-0.31166370000000354
1.348,0.23941864169999968,-0.3509037000000035
1.352,0.23795616689999963,-0.3901437000000034
1.356,0.23633673209999959,-0.42938370000000337
1.36,0.23456033729999956,-0.4686237000000033
1.364,0.23262698249999955,-0.5078637000000032
1.368,0.23053666769999956,-0.5471037000000032
1.372,0.22828939289999958,-0.5863437000000031
1.3760000000000001,0.2258851580999996,-0.6255837000000031
1.3800000000000001,0.22332396329999954,-0.664823700000003
1.3840000000000001,0.2206058084999995,-0.704063700000003
1.3880000000000001,0.21773069369999948,-0.7433037000000029
1.3920000000000001,0.21469861889999947,-0.7825437000000028
1.3960000000000001,0.21150958409999948,-0.8217837000000028
1.4000000000000001,0.2081635892999995,-0.8610237000000027
1.4040000000000001,0.20466063449999952,-0.9002637000000027
1.408,0.20100071969999947,-0.9395037000000026
1.412,0.19718384489999943,-0.9787437000000025
1.416,0.1932100100999994,-1.0179837000000027
1.42,0.1890792152999994,-1.057223700000003
1.424,0.18479146049999942,-1.0964637000000035
1.428,0.18034674569999945,-1.1357037000000039
1.432,0.1757450708999994,-1.1749437000000043
1.436,0.17098643609999936,-1.2141837000000046
1.44,0.16607084129999933,-1.253423700000005
1.444,0.1609982864999993,-1.2926637000000054
1.448,0.1557687716999993,-1.3319037000000058
1.452,0.15038229689999932,-1.3711437000000062
1.456,0.1448388620999993,-1.4103837000000066
1.46,0.13913846729999924,-1.449623700000007
1.464,0.1332811124999992,-1.4888637000000073
1.468,0.12726679769999916,-1.5281037000000077
1.472,0.12109552289999914,-1.567343700000008
1.476,0.1147672880999991,-1.6065837000000085
1.48,0.10828209329999906,-1.6458237000000089
1.484,0.10163993849999904,-1.6850637000000093
1.488,0.094840823699999,-1.7243037000000097
1.492,0.08788474889999895,-1.76354370000001
1.496,0.08077171409999892,-1.8027837000000104
1.5,0.07350171929999888,-1.8420237000000108
1.504,0.06607476449999883,-1.8812637000000112
1.508,0.058490849699998786,-1.9205037000000116
1.512,0.05074997489999874,-1.959743700000012
1.516,0.04285214009999869,-1.9989837000000124
1.52,0.034797345299998644,-2.038223700000012
1.524,0.026585590499998594,-2.0774637000000116
1.528,0.018216875699998546,-2.116703700000011
1.532,0.009691200899998503,-2.1559437000000106
1.536,0.0010085660999984616,-2.19518370000001
1.54,0.004601056770000021,1.5140655900000066
1.544,0.010598459130000048,1.4748255900000062
1.548,0.016438901490000074,1.4355855900000059
1.552,0.022122383850000097,1.3963455900000055
1.556,0.027648906210000115,1.357105590000005
1.56,0.03301846857000014,1.3178655900000047
1.564,0.03823107093000015,1.2786255900000043
1.568,0.04328671329000017,1.239385590000004
1.572,0.048185395650000185,1.2001455900000035
1.576,0.0529271180100002,1.1609055900000032
1.58,0.05751188037000021,1.1216655900000028
1.584,0.06193968273000022,1.0824255900000024
1.588,0.06621052509000025,1.043185590000002
1.592,0.07032440745000024,1.0039455900000016
1.596,0.07428132981000024,0.9647055900000017
1.6,0.07808129217000026,0.9254655900000017
1.604,0.08172429453000027,0.8862255900000018
1.608,0.08521033689000027,0.8469855900000018
1.612,0.08853941925000028,0.8077455900000019
1.616,0.09171154161000031,0.768505590000002
1.62,0.0947267039700003,0.729265590000002
1.624,0.0975849063300003,0.6900255900000021
1.6280000000000001,0.10028614869000033,0.6507855900000021
1.6320000000000001,0.10283043105000034,0.6115455900000022
1.6360000000000001,0.10521775341000034,0.5723055900000023
1.6400000000000001,0.10744811577000035,0.5330655900000023
1.6440000000000001,0.10952151813000037,0.49382559000000237
1.6480000000000001,0.11143796049000036,0.4545855900000024
1.6520000000000001,0.11319744285000037,0.4153455900000025
1.6560000000000001,0.1147999652100004,0.37610559000000254
1.6600000000000001,0.1162455275700004,0.3368655900000026
1.6640000000000001,0.1175341299300004,0.29762559000000266
1.668,0.11866577229000042,0.2583855900000027
1.672,0.11964045465000044,0.21914559000000267
1.676,0.12045817701000043,0.1799055900000026
1.68,0.12111893937000044,0.14066559000000256
1.684,0.12162274173000047,0.10142559000000255
1.688,0.12196958409000047,0.06218559000000255
1.692,0.12215946645000048,0.022945590000002555
1.696,0.1221923888100005,-0.01629440999999745
1.7,0.1220683511700005,-0.055534409999997446
1.704,0.1217873535300005,-0.09477440999999745
1.708,0.12134939589000052,-0.13401440999999745
1.712,0.12075447825000055,-0.1732544099999975
1.716,0.12000260061000054,-0.21249440999999755
1.72,0.11909376297000054,-0.2517344099999976
1.724,0.11802796533000057,-0.2909744099999975
1.728,0.11680520769000058,-0.33021440999999746
1.732,0.11542549005000058,-0.3694544099999974
1.736,0.1138888124100006,-0.40869440999999734
1.74,0.11219517477000063,-0.4479344099999973
1.744,0.11034457713000062,-0.4871744099999972
1.748,0.10833701949000063,-0.5264144099999972
1.752,0.10617250185000066,-0.5656544099999972
1.756,0.10385102421000066,-0.6048944099999971
1.76,0.10137258657000066,-0.644134409999997
1.764,0.09873718893000068,-0.683374409999997
1.768,0.0959448312900007,-0.7226144099999969
1.772,0.0929955136500007,-0.7618544099999969
1.776,0.0898892360100007,-0.8010944099999968
1.78,0.08662599837000073,-0.8403344099999968
1.784,0.08320580073000074,-0.8795744099999967
1.788,0.07962864309000074,-0.9188144099999966
1.792,0.07589452545000076,-0.9580544099999966
1.796,0.07200344781000079,-0.9972944099999965
1.8,0.06795541017000079,-1.036534409999997
1.804,0.0637504125300008,-1.0757744099999973
1.808,0.05938845489000081,-1.1150144099999977
1.812,0.05486953725000082,-1.154254409999998
1.816,0.05019365961000083,-1.1934944099999985
1.82,0.04536082197000083,-1.2327344099999988
1.824,0.04037102433000084,-1.2719744099999992
1.828,0.03522426669000084,-1.3112144099999996
1.832,0.02992054905000084,-1.35045441
1.836,0.02445987141000084,-1.3896944100000004
1.84,0.018842233770000837,-1.4289344100000008
1.844,0.013067636130000832,-1.4681744100000012
1.848,0.007136078490000826,-1.5074144100000015
1.852,0.0010475608500008198,-1.546654410000002
1.856,0.0032391452610000034,1.060095087000001
1.86,0.0074206656090000074,1.0208550870000006
1.864,0.011445225957000009,0.9816150870000004
1.868,0.015312826305000011,0.9423750870000005
1.872,0.019023466653000014,0.9031350870000006
1.8760000000000001,0.02257714700100002,0.8638950870000006
1.8800000000000001,0.02597386734900002,0.8246550870000007
1.8840000000000001,0.029213627697000026,0.7854150870000007
1.8880000000000001,0.03229642804500003,0.7461750870000008
1.8920000000000001,0.03522226839300003,0.7069350870000009
1.8960000000000001,0.037991148741000035,0.6676950870000009
1.9000000000000001,0.04060306908900004,0.628455087000001
1.9040000000000001,0.04305802943700004,0.589215087000001
1.9080000000000001,0.04535602978500004,0.5499750870000011
1.9120000000000001,0.047497070133000044,0.5107350870000011
1.9160000000000001,0.04948115048100005,0.4714950870000012
1.92,0.05130827082900005,0.43225508700000126
1.924,0.05297843117700005,0.3930150870000013
1.928,0.05449163152500006,0.3537750870000014
1.932,0.05584787187300006,0.31453508700000143
1.936,0.05704715222100007,0.2752950870000015
1.94,0.05808947256900007,0.2360550870000015
1.944,0.05897483291700008,0.19681508700000144
1.948,0.059703233265000086,0.1575750870000014
1.952,0.06027467361300009,0.11833508700000135
1.956,0.0606891539610001,0.07909508700000135
1.96,0.0609466743090001,0.03985508700000136
1.964,0.06104723465700011,0.0006150870000013568
1.968,0.06099083500500012,-0.038624912999998644
1.972,0.06077747535300012,-0.07786491299999865
1.976,0.06040715570100013,-0.11710491299999864
1.98,0.05987987604900013,-0.1563449129999987
1.984,0.05919563639700014,-0.19558491299999875
1.988,0.05835443674500014,-0.2348249129999988
1.992,0.057356277093000146,-0.2740649129999988
1.996,0.056201157441000155,-0.31330491299999874
2.0,0.05488907778900016,-0.3525449129999987
2.004,0.05342003813700017,-0.3917849129999986
2.008,0.05179403848500017,-0.43102491299999857
2.012,0.050011078833000176,-0.4702649129999985
2.016,0.04807115918100018,-0.5095049129999984
2.02,0.045974279529000184,-0.5487449129999984
2.024,0.043720439877000195,-0.5879849129999983
2.028,0.041309640225000194,-0.6272249129999983
2.032,0.0387418805730002,-0.6664649129999982
2.036,0.036017160921000206,-0.7057049129999982
2.04,0.03313548126900021,-0.7449449129999981
2.044,0.03009684161700022,-0.784184912999998
2.048,0.02690124196500023,-0.823424912999998
2.052,0.023548682313000235,-0.8626649129999979
2.056,0.020039162661000243,-0.9019049129999979
2.06,0.01637268300900025,-0.9411449129999978
2.064,0.01254924335700026,-0.9803849129999977
2.068,0.00856884370500027,-1.019624912999998
2.072,0.004431484053000278,-1.0588649129999983
2.076,0.00013716440100028436,-1.0981049129999987
2.08,0.0022971913172999976,0.7461104390999992
2.084,0.005222773073699995,0.7068704390999992
2.088,0.007991394830099993,0.6676304390999993
2.092,0.01060305658649999,0.6283904390999994
2.096,0.013057758342899989,0.5891504390999994
2.1,0.015355500099299986,0.5499104390999995
2.104,0.017496281855699986,0.5106704390999995
2.108,0.019480103612099984,0.4714304390999996
2.112,0.021306965368499985,0.43219043909999966
2.116,0.022976867124899984,0.3929504390999997
2.12,0.024489808881299983,0.3537104390999998
2.124,0.02584579063769998,0.31447043909999983
2.128,0.02704481239409998,0.2752304390999999
2.132,0.02808687415049998,0.2359904390999999
2.136,0.02897197590689998,0.19675043909999984
2.14,0.02970011766329998,0.1575104390999998
2.144,0.030271299419699978,0.11827043909999975
2.148,0.030685521176099975,0.07903043909999975
2.152,0.030942782932499975,0.039790439099999755
2.156,0.031043084688899974,0.0005504390999997548
2.16,0.030986426445299975,-0.038689560900000246
2.164,0.03077280820169997,-0.07792956090000025
2.168,0.03040222995809997,-0.11716956090000025
2.172,0.029874691714499968,-0.1564095609000003
2.176,0.029190193470899968,-0.19564956090000035
2.18,0.028348735227299967,-0.2348895609000004
2.184,0.027350316983699965,-0.2741295609000004
2.188,0.02619493874009996,-0.31336956090000034
2.192,0.02488260049649996,-0.3526095609000003
2.196,0.02341330225289996,-0.3918495609000002
2.2,0.02178704400929996,-0.43108956090000017
2.204,0.020003825765699958,-0.4703295609000001
2.208,0.01806364752209996,-0.5095695609
2.212,0.01596650927849996,-0.5488095609
2.216,0.013712411034899959,-0.5880495608999999
2.22,0.011301352791299958,-0.6272895608999999
2.224,0.008733334547699959,-0.6665295608999998
2.228,0.006008356304099961,-0.7057695608999998
2.232,0.0031264180604999615,-0.7450095608999997
2.236,8.751981689996281e-05,-0.7842495608999996
2.24,0.0016380950778899991,0.5264116926299998
2.244,0.0036848818484099986,0.4871716926299998
2.248,0.005574708618929999,0.4479316926299999
2.2520000000000002,0.0073075753894499985,0.40869169262999994
2.2560000000000002,0.008883482159969999,0.36945169263
2.2600000000000002,0.010302428930489998,0.33021169263000005
2.2640000000000002,0.01156441570101,0.2909716926300001
2.2680000000000002,0.01266944247153,0.25173169263000017
2.2720000000000002,0.01361750924205,0.21249169263000012
2.2760000000000002,0.014408616012570001,0.17325169263000006
2.2800000000000002,0.015042762783090002,0.13401169263
2.2840000000000003,0.015519949553610001,0.09477169263000002
2.2880000000000003,0.01584017632413,0.05553169263000002
2.2920000000000003,0.016003443094650002,0.01629169263000002
2.2960000000000003,0.016009749865170002,-0.022948307369999983
2.3000000000000003,0.015859096635690004,-0.06218830736999998
2.3040000000000003,0.015551483406210004,-0.10142830736999998
2.308,0.015086910176730004,-0.14066830737
2.312,0.014465376947250004,-0.17990830737000005
2.316,0.013686883717770004,-0.2191483073700001
2.32,0.012751430488290003,-0.2583883073700001
2.324,0.011659017258810004,-0.29762830737000007
2.328,0.010409644029330003,-0.33686830737
2.332,0.009003310799850003,-0.37610830736999995
2.336,0.007440017570370003,-0.4153483073699999
2.34,0.005719764340890003,-0.45458830736999983
2.344,0.0038425511114100045,-0.4938283073699998
2.348,0.0018083778819300055,-0.5330683073699998
2.352,2.2250738585072014e-308,0.4006158151589998
2.356,0.0015436032606359995,0.36137581515899986
2.36,0.002930246521271999,0.3221358151589999
2.364,0.004159929781907999,0.282895815159
2.368,0.005232653042543999,0.243655815159
2.372,0.00614841630318,0.20441581515899995
2.376,0.006907219563815999,0.1651758151589999
2.38,0.007509062824451998,0.12593581515899985
2.384,0.007953946085087997,0.08669581515899985
2.388,0.008241869345723997,0.04745581515899985
2.392,0.008372832606359997,0.008215815158999855
2.396,0.008346835866995996,-0.031024184841000148
2.4,0.008163879127631996,-0.07026418484100015
2.404,0.007823962388267994,-0.10950418484100015
2.408,0.007327085648903994,-0.1487441848410002
2.412,0.006673248909539993,-0.18798418484100024
2.416,0.005862452170175992,-0.2272241848410003
2.42,0.00489469543081199,-0.2664641848410003
2.424,0.00376997869144799,-0.30570418484100026
2.428,0.002488301952083989,-0.3449441848410002
2.432,0.001049665212719988,-0.38418418484100014
2.436,0.0002895299293887,0.27971992938870005
2.44,0.0013495496469435003,0.24047992938870008
2.444,0.002252609364498301,0.20123992938870003
2.448,0.002998709082053101,0.16199992938869998
2.452,0.003587848799607901,0.12275992938869994
2.456,0.004020028517162701,0.08351992938869994
2.46,0.0042952482347175,0.04427992938869994
2.464,0.004413507952272301,0.005039929388699942
2.468,0.0043748076698271006,-0.03420007061130006
2.472,0.0041791473873819,-0.07344007061130006
2.476,0.003826527104936701,-0.11268007061130006
2.48,0.0033169468224915006,-0.15192007061130008
2.484,0.0026504065400463003,-0.19116007061130014
2.488,0.0018269062576010996,-0.2304000706113002
2.492,0.0008464459751558987,-0.2696400706113002
2.496,2.2250738585072014e-308,0.2162160494279101
2.5,0.0008060041977116404,0.17697604942791004
2.504,0.0014550483954232805,0.13773604942790998
2.508,0.0019471325931349204,0.09849604942790997
2.512,0.0022822567908465604,0.059256049427909976
2.516,0.0024604209885582,0.02001604942790998
2.52,0.00248162518626984,-0.019223950572090025
2.524,0.0023458693839814803,-0.05846395057209002
2.528,0.00205315358169312,-0.09770395057209003
2.532,0.0016034777794047602,-0.13694395057209005
2.536,0.0009968419771163998,-0.1761839505720901
2.54,0.00023324617482803928,-0.21542395057209016
2.544,0.00031925153080092627,0.1449107654004631
2.548,0.0008400345924027787,0.10567076540046308
2.552,0.001203857654004631,0.06643076540046308
2.556,0.0014107207156064832,0.027190765400463085
2.56,0.0014606237772083355,-0.012049234599536917
2.564,0.0013535668388101878,-0.051289234599536916
2.568,0.00108954990041204,-0.09052923459953692
2.572,0.0006685729620138925,-0.12976923459953693
2.576,9.063602361574465e-05,-0.16900923459953698
2.58,0.0003460903926590277,0.0957434642196759
2.584,0.0006702042495377314,0.056503464219675906
2.588,0.000837358106416435,0.01726346421967591
2.592,0.0008475519632951386,-0.021976535780324095
2.596,0.0007007858201738422,-0.06121653578032409
2.6,0.0003970596770525458,-0.1004565357803241
2.604,2.2250738585072014e-308,0.0
2.608,2.2250738585072014e-308,0.0
2.612,2.2250738585072014e-308,0.0
2.616,2.2250738585072014e-308,0.0
2.62,2.2250738585072014e-308,0.0
2.624,2.2250738585072014e-308,0.0
2.628,2.2250738585072014e-308,0.0
2.632,2.2250738585072014e-308,0.0
2.636,2.2250738585072014e-308,0.0
2.64,2.2250738585072014e-308,0.0
2.644,2.2250738585072014e-308,0.0
2.648,2.2250738585072014e-308,0.0
2.652,2.2250738585072014e-308,0.0
2.656,2.2250738585072014e-308,0.0
2.66,2.2250738585072014e-308,0.0
2.664,2.2250738585072014e-308,0.0
2.668,2.2250738585072014e-308,0.0
2.672,2.2250738585072014e-308,0.0
2.676,2.2250738585072014e-308,0.0
2.68,2.2250738585072014e-308,0.0
2.684,2.2250738585072014e-308,0.0
2.688,2.2250738585072014e-308,0.0
2.692,2.2250738585072014e-308,0.0
2.696,2.2250738585072014e-308,0.0
2.7,2.2250738585072014e-308,0.0
2.704,2.2250738585072014e-308,0.0
2.708,2.2250738585072014e-308,0.0
2.712,2.2250738585072014e-308,0.0
2.716,2.2250738585072014e-308,0.0
2.72,2.2250738585072014e-308,0.0
2.724,2.2250738585072014e-308,0.0
2.728,2.2250738585072014e-308,0.0
2.732,2.2250738585072014e-308,0.0
2.736,2.2250738585072014e-308,0.0
2.74,2.2250738585072014e-308,0.0
2.744,2.2250738585072014e-308,0.0
2.748,2.2250738585072014e-308,0.0
2.7520000000000002,2.2250738585072014e-308,0.0
2.7560000000000002,2.2250738585072014e-308,0.0
2.7600000000000002,2.2250738585072014e-308,0.0
2.7640000000000002,2.2250738585072014e-308,0.0
2.7680000000000002,2.2250738585072014e-308,0.0
2.7720000000000002,2.2250738585072014e-308,0.0
2.7760000000000002,2.2250738585072014e-308,0.0
2.7800000000000002,2.2250738585072014e-308,0.0
2.7840000000000003,2.2250738585072014e-308,0.0
2.7880000000000003,2.2250738585072014e-308,0.0
2.7920000000000003,2.2250738585072014e-308,0.0
2.7960000000000003,2.2250738585072014e-308,0.0
2.8000000000000003,2.2250738585072014e-308,0.0
2.8040000000000003,2.2250738585072014e-308,0.0
2.8080000000000003,2.2250738585072014e-308,0.0
2.8120000000000003,2.2250738585072014e-308,0.0
2.816,2.2250738585072014e-308,0.0
2.82,2.2250738585072014e-308,0.0
2.824,2.2250738585072014e-308,0.0
2.828,2.2250738585072014e-308,0.0
2.832,2.2250738585072014e-308,0.0
2.836,2.2250738585072014e-308,0.0
2.84,2.2250738585072014e-308,0.0
2.844,2.2250738585072014e-308,0.0
2.848,2.2250738585072014e-308,0.0
2.852,2.2250738585072014e-308,0.0
2.856,2.2250738585072014e-308,0.0
2.86,2.2250738585072014e-308,0.0
2.864,2.2250738585072014e-308,0.0
2.868,2.2250738585072014e-308,0.0
2.872,2.2250738585072014e-308,0.0
2.876,2.2250738585072014e-308,0.0
2.88,2.2250738585072014e-308,0.0
2.884,2.2250738585072014e-308,0.0
2.888,2.2250738585072014e-308,0.0
2.892,2.2250738585072014e-308,0.0
2.896,2.2250738585072014e-308,0.0
2.9,2.2250738585072014e-308,0.0
2.904,2.2250738585072014e-308,0.0
2.908,2.2250738585072014e-308,0.0
2.912,2.2250738585072014e-308,0.0
2.916,2.2250738585072014e-308,0.0
2.92,2.2250738585072014e-308,0.0
2.924,2.2250738585072014e-308,0.0
2.928,2.2250738585072014e-308,0.0
2.932,2.2250738585072014e-308,0.0
2.936,2.2250738585072014e-308,0.0
2.94,2.2250738585072014e-308,0.0
2.944,2.2250738585072014e-308,0.0
2.948,2.2250738585072014e-308,0.0
2.952,2.2250738585072014e-308,0.0
2.956,2.2250738585072014e-308,0.0
2.96,2.2250738585072014e-308,0.0
2.964,2.2250738585072014e-308,0.0
2.968,2.2250738585072014e-308,0.0
2.972,2.2250738585072014e-308,0.0
2.976,2.2250738585072014e-308,0.0
2.98,2.2250738585072014e-308,0.0
2.984,2.2250738585072014e-308,0.0
2.988,2.2250738585072014e-308,0.0
2.992,2.2250738585072014e-308,0.0
2.996,2.2250738585072014e-308,0.0
3.0,2.2250738585072014e-308,0.0
